/*
Navicat MySQL Data Transfer

Source Server         : localhost
Source Server Version : 50172
Source Host           : localhost:3306
Source Database       : lakeside

Target Server Type    : MYSQL
Target Server Version : 50172
File Encoding         : 65001

Date: 2016-12-22 18:05:53
*/

SET FOREIGN_KEY_CHECKS=0;

-- ----------------------------
-- Table structure for parameter
-- ----------------------------
DROP TABLE IF EXISTS `parameter`;
CREATE TABLE `parameter` (
  `id` varchar(50) NOT NULL COMMENT '自增主键',
  `parentid` varchar(50) DEFAULT '' COMMENT '父节点ID',
  `name` varchar(50) DEFAULT NULL COMMENT '名称',
  `value` varchar(500) DEFAULT NULL COMMENT '值',
  `createtime` timestamp NOT NULL DEFAULT '0000-00-00 00:00:00',
  `type` varchar(50) DEFAULT NULL COMMENT '类型',
  `exp1` varchar(100) DEFAULT '',
  `exp2` varchar(100) DEFAULT '',
  `icon` varchar(20) DEFAULT NULL COMMENT '图片名称',
  PRIMARY KEY (`id`)
) ENGINE=InnoDB DEFAULT CHARSET=utf8 COMMENT='数据字典';

-- ----------------------------
-- Records of parameter
-- ----------------------------
INSERT INTO `parameter` VALUES ('0002', '-1', '栏目功能列表', '此节点下为功能模块树,此节点下的数据分为菜单[99990001]和操作动作[99990002]', '2015-07-24 13:06:37', '-1', '', '', null);
INSERT INTO `parameter` VALUES ('00020001', '0002', '用户管理', '', '2015-08-03 17:01:20', '99990001', '', '', 'user');
INSERT INTO `parameter` VALUES ('000200010001', '00020001001', '用户维护', 'manager/user/userList.jsp', '2015-08-03 16:54:57', '99990001', '', '', 'user');
INSERT INTO `parameter` VALUES ('0002000100010001', '000200010001', '查看列表', 'view', '2015-08-03 17:18:16', '99990002', '', '', null);
INSERT INTO `parameter` VALUES ('0002000100010002', '000200010001', '添加用户', 'add', '2013-08-02 17:52:30', '99990002', '', '', null);
INSERT INTO `parameter` VALUES ('0002000100010003', '000200010001', '修改用户', 'update', '2013-08-02 17:52:30', '99990002', '', '', null);
INSERT INTO `parameter` VALUES ('0002000100010004', '000200010001', '删除用户', 'delete', '2013-08-02 17:52:30', '99990002', '', '', null);
INSERT INTO `parameter` VALUES ('0002000100010005', '000200010001', '冻结用户', 'freeze', '2013-08-02 17:52:30', '99990002', '', '', null);
INSERT INTO `parameter` VALUES ('0002000100010006', '000200010001', '解冻用户', 'unfreeze', '2013-08-02 17:52:30', '99990002', '', '', null);
INSERT INTO `parameter` VALUES ('0002000100010007', '000200010001', '密码重置', 'reset', '2013-08-02 17:52:30', '99990002', '', '', null);
INSERT INTO `parameter` VALUES ('000200010002', '00020001001', '角色维护', 'manager/user/roleList.jsp', '2015-08-03 16:50:44', '99990001', '', '', 'role');
INSERT INTO `parameter` VALUES ('0002000100020001', '000200010002', '查看列表', 'view', '2013-08-02 17:52:30', '99990002', '', '', null);
INSERT INTO `parameter` VALUES ('0002000100020002', '000200010002', '添加角色', 'add', '2013-08-02 17:52:30', '99990002', '', '', null);
INSERT INTO `parameter` VALUES ('0002000100020003', '000200010002', '修改角色', 'update', '2013-08-02 17:52:30', '99990002', '', '', null);
INSERT INTO `parameter` VALUES ('0002000100020004', '000200010002', '删除角色', 'delete', '2013-08-02 17:52:30', '99990002', '', '', null);
INSERT INTO `parameter` VALUES ('0002000100020005', '000200010002', '设置栏目', 'setMenu', '2013-08-02 17:52:30', '99990002', '', '', null);
INSERT INTO `parameter` VALUES ('0002000100020006', '000200010002', '关联用户', 'relationUser', '2013-08-02 17:52:30', '99990002', '', '', null);
INSERT INTO `parameter` VALUES ('00020001001', '00020001', '用户权限管理', null, '2016-12-22 12:50:01', '99990001', '', '', '');
INSERT INTO `parameter` VALUES ('00020002', '0002', '系统管理', '', '2015-08-03 17:01:20', '99990001', '', '', 'sys');
INSERT INTO `parameter` VALUES ('000200020001', '00020002', '模块设置', null, '2016-12-21 16:23:31', '99990001', '', '', null);
INSERT INTO `parameter` VALUES ('0002000200010001', '000200020001', '模块管理', 'manager/user/moduleList.jsp', '2016-12-21 16:24:17', '99990001', '', '', 'config');
INSERT INTO `parameter` VALUES ('00020002000100010001', '0002000200010001', '添加', 'add', '2016-12-21 16:24:43', '99990002', '', '', null);
INSERT INTO `parameter` VALUES ('00020002000100010002', '0002000200010001', '添加按钮', 'addBtn', '2016-12-22 16:24:00', '99990002', '', '', '');
INSERT INTO `parameter` VALUES ('00020002000100010003', '0002000200010001', '增加同级节点', 'appendToCurrentNodeDown', '2016-12-23 16:24:00', '99990002', '', '', '');
INSERT INTO `parameter` VALUES ('00020002000100010004', '0002000200010001', '修改', 'update', '2016-12-24 16:24:00', '99990002', '', '', '');
INSERT INTO `parameter` VALUES ('00020002000100010005', '0002000200010001', '升级', 'upgrade', '2016-12-25 16:24:00', '99990002', '', '', '');
INSERT INTO `parameter` VALUES ('00020002000100010006', '0002000200010001', '降级', 'demotion', '2016-12-26 16:24:00', '99990002', '', '', '');
INSERT INTO `parameter` VALUES ('00020002000100010007', '0002000200010001', '伸/缩节点', 'toggle', '2016-12-27 16:24:00', '99990002', '', '', '');
INSERT INTO `parameter` VALUES ('00020002000100010008', '0002000200010001', '删除', 'delete', '2016-12-28 16:24:00', '99990002', '', '', '');

-- ----------------------------
-- Table structure for role
-- ----------------------------
DROP TABLE IF EXISTS `role`;
CREATE TABLE `role` (
  `id` int(11) NOT NULL AUTO_INCREMENT COMMENT '自增主键',
  `roleName` varchar(50) DEFAULT '' COMMENT '角色名称',
  `type` int(11) DEFAULT '0' COMMENT '状态',
  `createtime` timestamp NOT NULL DEFAULT '0000-00-00 00:00:00' COMMENT '状态',
  PRIMARY KEY (`id`)
) ENGINE=InnoDB AUTO_INCREMENT=138 DEFAULT CHARSET=utf8 COMMENT='角色表';

-- ----------------------------
-- Records of role
-- ----------------------------
INSERT INTO `role` VALUES ('3', '管理员', '311', '2013-05-02 17:00:40');
INSERT INTO `role` VALUES ('4', '编辑', '1', '2016-12-20 23:05:50');
INSERT INTO `role` VALUES ('5', '编辑2', '1', '2016-12-21 23:05:00');
INSERT INTO `role` VALUES ('6', '编辑3', '1', '2016-12-22 23:05:00');
INSERT INTO `role` VALUES ('8', '编辑5', '1', '2016-12-24 23:05:00');
INSERT INTO `role` VALUES ('9', '编辑6', '1', '2016-12-25 23:05:00');
INSERT INTO `role` VALUES ('10', '编辑7', '1', '2016-12-26 23:05:00');
INSERT INTO `role` VALUES ('11', '编辑8', '1', '2016-12-27 23:05:00');
INSERT INTO `role` VALUES ('12', '编辑9', '1', '2016-12-28 23:05:00');
INSERT INTO `role` VALUES ('13', '编辑10', '1', '2016-12-29 23:05:00');
INSERT INTO `role` VALUES ('14', '编辑11', '1', '2016-12-30 23:05:00');
INSERT INTO `role` VALUES ('15', '编辑12', '1', '2016-12-31 23:05:00');
INSERT INTO `role` VALUES ('16', '编辑13', '1', '2017-01-01 23:05:00');
INSERT INTO `role` VALUES ('17', '编辑14', '1', '2017-01-02 23:05:00');
INSERT INTO `role` VALUES ('18', '编辑15', '1', '2017-01-03 23:05:00');
INSERT INTO `role` VALUES ('19', '编辑16', '1', '2017-01-04 23:05:00');
INSERT INTO `role` VALUES ('20', '编辑17', '1', '2017-01-05 23:05:00');
INSERT INTO `role` VALUES ('21', '编辑18', '1', '2017-01-06 23:05:00');
INSERT INTO `role` VALUES ('22', '编辑19', '1', '2017-01-07 23:05:00');
INSERT INTO `role` VALUES ('23', '编辑20', '1', '2017-01-08 23:05:00');
INSERT INTO `role` VALUES ('24', '编辑21', '1', '2017-01-09 23:05:00');
INSERT INTO `role` VALUES ('25', '编辑22', '1', '2017-01-10 23:05:00');
INSERT INTO `role` VALUES ('26', '编辑23', '1', '2017-01-11 23:05:00');
INSERT INTO `role` VALUES ('27', '编辑24', '1', '2017-01-12 23:05:00');
INSERT INTO `role` VALUES ('28', '编辑25', '1', '2017-01-13 23:05:00');
INSERT INTO `role` VALUES ('29', '编辑26', '1', '2017-01-14 23:05:00');
INSERT INTO `role` VALUES ('30', '编辑27', '1', '2017-01-15 23:05:00');
INSERT INTO `role` VALUES ('31', '编辑28', '1', '2017-01-16 23:05:00');
INSERT INTO `role` VALUES ('32', '编辑29', '1', '2017-01-17 23:05:00');
INSERT INTO `role` VALUES ('33', '编辑30', '1', '2017-01-18 23:05:00');
INSERT INTO `role` VALUES ('34', '编辑31', '1', '2017-01-19 23:05:00');
INSERT INTO `role` VALUES ('35', '编辑32', '1', '2017-01-20 23:05:00');
INSERT INTO `role` VALUES ('36', '编辑33', '1', '2017-01-21 23:05:00');
INSERT INTO `role` VALUES ('37', '编辑34', '1', '2017-01-22 23:05:00');
INSERT INTO `role` VALUES ('38', '编辑35', '1', '2017-01-23 23:05:00');
INSERT INTO `role` VALUES ('39', '编辑36', '1', '2017-01-24 23:05:00');
INSERT INTO `role` VALUES ('40', '编辑37', '1', '2017-01-25 23:05:00');
INSERT INTO `role` VALUES ('41', '编辑38', '1', '2017-01-26 23:05:00');
INSERT INTO `role` VALUES ('42', '编辑39', '1', '2017-01-27 23:05:00');
INSERT INTO `role` VALUES ('43', '编辑40', '1', '2017-01-28 23:05:00');
INSERT INTO `role` VALUES ('44', '编辑41', '1', '2017-01-29 23:05:00');
INSERT INTO `role` VALUES ('45', '编辑42', '1', '2017-01-30 23:05:00');
INSERT INTO `role` VALUES ('46', '编辑43', '1', '2017-01-31 23:05:00');
INSERT INTO `role` VALUES ('47', '编辑44', '1', '2017-02-01 23:05:00');
INSERT INTO `role` VALUES ('48', '编辑45', '1', '2017-02-02 23:05:00');
INSERT INTO `role` VALUES ('49', '编辑46', '1', '2017-02-03 23:05:00');
INSERT INTO `role` VALUES ('50', '编辑47', '1', '2017-02-04 23:05:00');
INSERT INTO `role` VALUES ('51', '编辑48', '1', '2017-02-05 23:05:00');
INSERT INTO `role` VALUES ('52', '编辑49', '1', '2017-02-06 23:05:00');
INSERT INTO `role` VALUES ('53', '编辑50', '1', '2017-02-07 23:05:00');
INSERT INTO `role` VALUES ('54', '编辑51', '1', '2017-02-08 23:05:00');
INSERT INTO `role` VALUES ('55', '编辑52', '1', '2017-02-09 23:05:00');
INSERT INTO `role` VALUES ('56', '编辑53', '1', '2017-02-10 23:05:00');
INSERT INTO `role` VALUES ('57', '编辑54', '1', '2017-02-11 23:05:00');
INSERT INTO `role` VALUES ('58', '编辑55', '1', '2017-02-12 23:05:00');
INSERT INTO `role` VALUES ('59', '编辑56', '1', '2017-02-13 23:05:00');
INSERT INTO `role` VALUES ('60', '编辑57', '1', '2017-02-14 23:05:00');
INSERT INTO `role` VALUES ('61', '编辑58', '1', '2017-02-15 23:05:00');
INSERT INTO `role` VALUES ('62', '编辑59', '1', '2017-02-16 23:05:00');
INSERT INTO `role` VALUES ('63', '编辑60', '1', '2017-02-17 23:05:00');
INSERT INTO `role` VALUES ('64', '编辑61', '1', '2017-02-18 23:05:00');
INSERT INTO `role` VALUES ('65', '编辑62', '1', '2017-02-19 23:05:00');
INSERT INTO `role` VALUES ('66', '编辑63', '1', '2017-02-20 23:05:00');
INSERT INTO `role` VALUES ('67', '编辑64', '1', '2017-02-21 23:05:00');
INSERT INTO `role` VALUES ('68', '编辑65', '1', '2017-02-22 23:05:00');
INSERT INTO `role` VALUES ('69', '编辑66', '1', '2017-02-23 23:05:00');
INSERT INTO `role` VALUES ('70', '编辑67', '1', '2017-02-24 23:05:00');
INSERT INTO `role` VALUES ('71', '编辑68', '1', '2017-02-25 23:05:00');
INSERT INTO `role` VALUES ('72', '编辑69', '1', '2017-02-26 23:05:00');
INSERT INTO `role` VALUES ('73', '编辑70', '1', '2017-02-27 23:05:00');
INSERT INTO `role` VALUES ('74', '编辑71', '1', '2017-02-28 23:05:00');
INSERT INTO `role` VALUES ('75', '编辑72', '1', '2017-03-01 23:05:00');
INSERT INTO `role` VALUES ('76', '编辑73', '1', '2017-03-02 23:05:00');
INSERT INTO `role` VALUES ('77', '编辑74', '1', '2017-03-03 23:05:00');
INSERT INTO `role` VALUES ('78', '编辑75', '1', '2017-03-04 23:05:00');
INSERT INTO `role` VALUES ('79', '编辑76', '1', '2017-03-05 23:05:00');
INSERT INTO `role` VALUES ('80', '编辑77', '1', '2017-03-06 23:05:00');
INSERT INTO `role` VALUES ('81', '编辑78', '1', '2017-03-07 23:05:00');
INSERT INTO `role` VALUES ('82', '编辑79', '1', '2017-03-08 23:05:00');
INSERT INTO `role` VALUES ('83', '编辑80', '1', '2017-03-09 23:05:00');
INSERT INTO `role` VALUES ('84', '编辑81', '1', '2017-03-10 23:05:00');
INSERT INTO `role` VALUES ('85', '编辑82', '1', '2017-03-11 23:05:00');
INSERT INTO `role` VALUES ('86', '编辑83', '1', '2017-03-12 23:05:00');
INSERT INTO `role` VALUES ('87', '编辑84', '1', '2017-03-13 23:05:00');
INSERT INTO `role` VALUES ('88', '编辑85', '1', '2017-03-14 23:05:00');
INSERT INTO `role` VALUES ('89', '编辑86', '1', '2017-03-15 23:05:00');
INSERT INTO `role` VALUES ('90', '编辑87', '1', '2017-03-16 23:05:00');
INSERT INTO `role` VALUES ('91', '编辑88', '1', '2017-03-17 23:05:00');
INSERT INTO `role` VALUES ('92', '编辑89', '1', '2017-03-18 23:05:00');
INSERT INTO `role` VALUES ('93', '编辑90', '1', '2017-03-19 23:05:00');
INSERT INTO `role` VALUES ('94', '编辑91', '1', '2017-03-20 23:05:00');
INSERT INTO `role` VALUES ('95', '编辑92', '1', '2017-03-21 23:05:00');
INSERT INTO `role` VALUES ('96', '编辑93', '1', '2017-03-22 23:05:00');
INSERT INTO `role` VALUES ('97', '编辑94', '1', '2017-03-23 23:05:00');
INSERT INTO `role` VALUES ('98', '编辑95', '1', '2017-03-24 23:05:00');
INSERT INTO `role` VALUES ('99', '编辑96', '1', '2017-03-25 23:05:00');
INSERT INTO `role` VALUES ('100', '编辑97', '1', '2017-03-26 23:05:00');
INSERT INTO `role` VALUES ('101', '编辑98', '1', '2017-03-27 23:05:00');
INSERT INTO `role` VALUES ('102', '编辑99', '1', '2017-03-28 23:05:00');
INSERT INTO `role` VALUES ('103', '编辑100', '1', '2017-03-29 23:05:00');
INSERT INTO `role` VALUES ('104', '编辑101', '1', '2017-03-30 23:05:00');
INSERT INTO `role` VALUES ('105', '编辑102', '1', '2017-03-31 23:05:00');
INSERT INTO `role` VALUES ('106', '编辑103', '1', '2017-04-01 23:05:00');
INSERT INTO `role` VALUES ('107', '编辑104', '1', '2017-04-02 23:05:00');
INSERT INTO `role` VALUES ('108', '编辑105', '1', '2017-04-03 23:05:00');
INSERT INTO `role` VALUES ('109', '编辑106', '1', '2017-04-04 23:05:00');
INSERT INTO `role` VALUES ('110', '编辑107', '1', '2017-04-05 23:05:00');
INSERT INTO `role` VALUES ('111', '编辑108', '1', '2017-04-06 23:05:00');
INSERT INTO `role` VALUES ('112', '编辑109', '1', '2017-04-07 23:05:00');
INSERT INTO `role` VALUES ('113', '编辑110', '1', '2017-04-08 23:05:00');
INSERT INTO `role` VALUES ('114', '编辑111', '1', '2017-04-09 23:05:00');
INSERT INTO `role` VALUES ('115', '编辑112', '1', '2017-04-10 23:05:00');
INSERT INTO `role` VALUES ('116', '编辑113', '1', '2017-04-11 23:05:00');
INSERT INTO `role` VALUES ('117', '编辑114', '1', '2017-04-12 23:05:00');
INSERT INTO `role` VALUES ('118', '编辑115', '1', '2017-04-13 23:05:00');
INSERT INTO `role` VALUES ('119', '编辑116', '1', '2017-04-14 23:05:00');
INSERT INTO `role` VALUES ('120', '编辑117', '1', '2017-04-15 23:05:00');
INSERT INTO `role` VALUES ('121', '编辑118', '1', '2017-04-16 23:05:00');
INSERT INTO `role` VALUES ('122', '编辑119', '1', '2017-04-17 23:05:00');
INSERT INTO `role` VALUES ('123', '编辑120', '1', '2017-04-18 23:05:00');
INSERT INTO `role` VALUES ('124', '编辑121', '1', '2017-04-19 23:05:00');
INSERT INTO `role` VALUES ('125', '编辑122', '1', '2017-04-20 23:05:00');
INSERT INTO `role` VALUES ('126', '编辑123', '1', '2017-04-21 23:05:00');
INSERT INTO `role` VALUES ('127', '编辑124', '1', '2017-04-22 23:05:00');
INSERT INTO `role` VALUES ('128', '编辑125', '1', '2017-04-23 23:05:00');
INSERT INTO `role` VALUES ('129', '编辑126', '1', '2017-04-24 23:05:00');
INSERT INTO `role` VALUES ('130', '编辑127', '1', '2017-04-25 23:05:00');
INSERT INTO `role` VALUES ('131', '编辑128', '1', '2017-04-26 23:05:00');
INSERT INTO `role` VALUES ('132', '编辑129', '1', '2017-04-27 23:05:00');
INSERT INTO `role` VALUES ('133', '编辑130', '1', '2017-04-28 23:05:00');
INSERT INTO `role` VALUES ('134', '编辑131', '1', '2017-04-29 23:05:00');
INSERT INTO `role` VALUES ('135', '编辑132', '1', '2017-04-30 23:05:00');
INSERT INTO `role` VALUES ('136', '编辑133', '1', '2017-05-01 23:05:00');
INSERT INTO `role` VALUES ('137', '编辑134', '1', '2017-05-02 23:05:00');

-- ----------------------------
-- Table structure for roleacl
-- ----------------------------
DROP TABLE IF EXISTS `roleacl`;
CREATE TABLE `roleacl` (
  `roleid` int(11) NOT NULL DEFAULT '0' COMMENT '角色ID',
  `aclid` varchar(50) NOT NULL DEFAULT '' COMMENT '模块ID',
  `type` varchar(50) DEFAULT '' COMMENT '状态',
  `createtime` timestamp NOT NULL DEFAULT '0000-00-00 00:00:00' COMMENT '状态',
  PRIMARY KEY (`roleid`,`aclid`)
) ENGINE=InnoDB DEFAULT CHARSET=utf8 COMMENT='角色模块表';

-- ----------------------------
-- Records of roleacl
-- ----------------------------
INSERT INTO `roleacl` VALUES ('3', '0002', '-1', '0000-00-00 00:00:00');
INSERT INTO `roleacl` VALUES ('3', '00020001', '99990001', '0000-00-00 00:00:00');
INSERT INTO `roleacl` VALUES ('3', '000200010001', '99990001', '0000-00-00 00:00:00');
INSERT INTO `roleacl` VALUES ('3', '0002000100010001', '99990002', '0000-00-00 00:00:00');
INSERT INTO `roleacl` VALUES ('3', '0002000100010002', '99990002', '0000-00-00 00:00:00');
INSERT INTO `roleacl` VALUES ('3', '0002000100010003', '99990002', '0000-00-00 00:00:00');
INSERT INTO `roleacl` VALUES ('3', '0002000100010004', '99990002', '0000-00-00 00:00:00');
INSERT INTO `roleacl` VALUES ('3', '0002000100010005', '99990002', '0000-00-00 00:00:00');
INSERT INTO `roleacl` VALUES ('3', '0002000100010006', '99990002', '0000-00-00 00:00:00');
INSERT INTO `roleacl` VALUES ('3', '0002000100010007', '99990002', '0000-00-00 00:00:00');
INSERT INTO `roleacl` VALUES ('3', '000200010002', '99990001', '0000-00-00 00:00:00');
INSERT INTO `roleacl` VALUES ('3', '0002000100020001', '99990002', '0000-00-00 00:00:00');
INSERT INTO `roleacl` VALUES ('3', '0002000100020002', '99990002', '0000-00-00 00:00:00');
INSERT INTO `roleacl` VALUES ('3', '0002000100020003', '99990002', '0000-00-00 00:00:00');
INSERT INTO `roleacl` VALUES ('3', '0002000100020004', '99990002', '0000-00-00 00:00:00');
INSERT INTO `roleacl` VALUES ('3', '0002000100020005', '99990002', '0000-00-00 00:00:00');
INSERT INTO `roleacl` VALUES ('3', '0002000100020006', '99990002', '0000-00-00 00:00:00');
INSERT INTO `roleacl` VALUES ('3', '00020002', '99990001', '0000-00-00 00:00:00');
INSERT INTO `roleacl` VALUES ('3', '000200020001', '99990001', '0000-00-00 00:00:00');
INSERT INTO `roleacl` VALUES ('3', '0002000200010001', '99990001', '0000-00-00 00:00:00');
INSERT INTO `roleacl` VALUES ('3', '00020002000100010001', '99990002', '0000-00-00 00:00:00');
INSERT INTO `roleacl` VALUES ('3', '00020002000100010002', '99990002', '0000-00-00 00:00:00');
INSERT INTO `roleacl` VALUES ('3', '00020002000100010003', '99990002', '0000-00-00 00:00:00');
INSERT INTO `roleacl` VALUES ('3', '00020002000100010004', '99990002', '0000-00-00 00:00:00');
INSERT INTO `roleacl` VALUES ('3', '00020002000100010005', '99990002', '0000-00-00 00:00:00');
INSERT INTO `roleacl` VALUES ('3', '00020002000100010006', '99990002', '0000-00-00 00:00:00');
INSERT INTO `roleacl` VALUES ('3', '00020002000100010007', '99990002', '0000-00-00 00:00:00');
INSERT INTO `roleacl` VALUES ('3', '00020002000100010008', '99990002', '0000-00-00 00:00:00');
INSERT INTO `roleacl` VALUES ('4', '0002', '-1', '0000-00-00 00:00:00');
INSERT INTO `roleacl` VALUES ('4', '00020001', '99990001', '0000-00-00 00:00:00');
INSERT INTO `roleacl` VALUES ('4', '000200010001', '99990001', '0000-00-00 00:00:00');
INSERT INTO `roleacl` VALUES ('4', '0002000100010001', '99990002', '0000-00-00 00:00:00');
INSERT INTO `roleacl` VALUES ('4', '0002000100010002', '99990002', '0000-00-00 00:00:00');
INSERT INTO `roleacl` VALUES ('4', '0002000100010006', '99990002', '0000-00-00 00:00:00');
INSERT INTO `roleacl` VALUES ('4', '000200010002', '99990001', '0000-00-00 00:00:00');
INSERT INTO `roleacl` VALUES ('4', '0002000100020001', '99990002', '0000-00-00 00:00:00');
INSERT INTO `roleacl` VALUES ('4', '0002000100020002', '99990002', '0000-00-00 00:00:00');
INSERT INTO `roleacl` VALUES ('4', '0002000100020003', '99990002', '0000-00-00 00:00:00');
INSERT INTO `roleacl` VALUES ('4', '0002000100020004', '99990002', '0000-00-00 00:00:00');
INSERT INTO `roleacl` VALUES ('4', '0002000100020005', '99990002', '0000-00-00 00:00:00');
INSERT INTO `roleacl` VALUES ('4', '0002000100020006', '99990002', '0000-00-00 00:00:00');

-- ----------------------------
-- Table structure for sys_user
-- ----------------------------
DROP TABLE IF EXISTS `sys_user`;
CREATE TABLE `sys_user` (
  `id` int(11) NOT NULL AUTO_INCREMENT,
  `user_name` varchar(50) DEFAULT NULL,
  `user_login_name` varchar(50) NOT NULL,
  `user_password` varchar(50) NOT NULL,
  `user_tel` varchar(50) DEFAULT NULL,
  `user_qq` varchar(20) DEFAULT NULL,
  `user_email` varchar(50) DEFAULT NULL,
  `user_address` varchar(200) DEFAULT NULL,
  `user_current_address` varchar(200) DEFAULT NULL,
  `user_birthday` date DEFAULT NULL,
  `user_login_time` timestamp NULL DEFAULT NULL COMMENT '用户最后一次登录系统时间',
  `user_login_count` int(11) DEFAULT '0',
  `user_updated_time` timestamp NULL DEFAULT NULL,
  `user_updator` varchar(50) DEFAULT NULL,
  `user_created_time` timestamp NULL DEFAULT NULL,
  `user_creator` varchar(50) DEFAULT NULL,
  `user_freeze_flag` int(1) DEFAULT NULL COMMENT '用户冻结状态，0-正常；1-冻结',
  `user_del_flag` int(1) DEFAULT '0' COMMENT '用户删除状态，0-正常；1-已删除',
  PRIMARY KEY (`id`),
  UNIQUE KEY `user_login_name` (`user_login_name`)
) ENGINE=InnoDB AUTO_INCREMENT=204 DEFAULT CHARSET=utf8;

-- ----------------------------
-- Records of sys_user
-- ----------------------------
INSERT INTO `sys_user` VALUES ('1', '管理员', 'admin', 'admin', null, null, null, null, null, null, '2016-12-22 17:08:46', '166', null, null, null, null, null, '0');
INSERT INTO `sys_user` VALUES ('2', '张三', 'zhangsan', '111111', '18801156796', '11112222', '', '', '', '2016-12-06', null, '0', null, null, '2016-12-20 23:07:07', 'admin', '0', '0');
INSERT INTO `sys_user` VALUES ('3', '王五', 'wangwu', '111111', '18801156796', '11112222', null, null, null, null, null, '0', null, null, null, null, null, '0');
INSERT INTO `sys_user` VALUES ('4', '王五2', 'wangwu2', '111111', '18801156796', '11112222', '', '', '', '2016-12-19', '2016-12-20 23:12:50', '0', '2016-12-20 23:13:02', '', '2016-12-20 23:13:06', '', null, '0');
INSERT INTO `sys_user` VALUES ('5', '王五3', 'wangwu3', '111111', '18801156796', '11112222', '', '', '', '2016-12-19', '2016-12-20 23:12:00', '1', '2016-12-20 23:13:00', '', '2016-12-20 23:13:00', '', null, '0');
INSERT INTO `sys_user` VALUES ('6', '王五4', 'wangwu4', '111111', '18801156796', '11112222', '', '', '', '2016-12-19', '2016-12-20 23:12:00', '2', '2016-12-20 23:13:00', '', '2016-12-20 23:13:00', '', null, '0');
INSERT INTO `sys_user` VALUES ('7', '王五5', 'wangwu5', '111111', '18801156796', '11112222', '', '', '', '2016-12-19', '2016-12-20 23:12:00', '3', '2016-12-20 23:13:00', '', '2016-12-20 23:13:00', '', null, '0');
INSERT INTO `sys_user` VALUES ('8', '王五6', 'wangwu6', '111111', '18801156796', '11112222', '', '', '', '2016-12-19', '2016-12-20 23:12:00', '4', '2016-12-20 23:13:00', '', '2016-12-20 23:13:00', '', null, '0');
INSERT INTO `sys_user` VALUES ('9', '王五7', 'wangwu7', '111111', '18801156796', '11112222', '', '', '', '2016-12-19', '2016-12-20 23:12:00', '5', '2016-12-20 23:13:00', '', '2016-12-20 23:13:00', '', null, '0');
INSERT INTO `sys_user` VALUES ('10', '王五8', 'wangwu8', '111111', '18801156796', '11112222', '', '', '', '2016-12-19', '2016-12-20 23:12:00', '6', '2016-12-20 23:13:00', '', '2016-12-20 23:13:00', '', null, '0');
INSERT INTO `sys_user` VALUES ('11', '王五9', 'wangwu9', '111111', '18801156796', '11112222', '', '', '', '2016-12-19', '2016-12-20 23:12:00', '7', '2016-12-20 23:13:00', '', '2016-12-20 23:13:00', '', null, '0');
INSERT INTO `sys_user` VALUES ('12', '王五10', 'wangwu10', '111111', '18801156796', '11112222', '', '', '', '2016-12-19', '2016-12-20 23:12:00', '8', '2016-12-20 23:13:00', '', '2016-12-20 23:13:00', '', null, '0');
INSERT INTO `sys_user` VALUES ('13', '王五11', 'wangwu11', '111111', '18801156796', '11112222', '', '', '', '2016-12-19', '2016-12-20 23:12:00', '9', '2016-12-20 23:13:00', '', '2016-12-20 23:13:00', '', null, '0');
INSERT INTO `sys_user` VALUES ('14', '王五12', 'wangwu12', '111111', '18801156796', '11112222', '', '', '', '2016-12-19', '2016-12-20 23:12:00', '10', '2016-12-20 23:13:00', '', '2016-12-20 23:13:00', '', null, '0');
INSERT INTO `sys_user` VALUES ('15', '王五13', 'wangwu13', '111111', '18801156796', '11112222', '', '', '', '2016-12-19', '2016-12-20 23:12:00', '11', '2016-12-20 23:13:00', '', '2016-12-20 23:13:00', '', null, '0');
INSERT INTO `sys_user` VALUES ('16', '王五14', 'wangwu14', '111111', '18801156796', '11112222', '', '', '', '2016-12-19', '2016-12-20 23:12:00', '12', '2016-12-20 23:13:00', '', '2016-12-20 23:13:00', '', null, '0');
INSERT INTO `sys_user` VALUES ('17', '王五15', 'wangwu15', '111111', '18801156796', '11112222', '', '', '', '2016-12-19', '2016-12-20 23:12:00', '13', '2016-12-20 23:13:00', '', '2016-12-20 23:13:00', '', null, '0');
INSERT INTO `sys_user` VALUES ('18', '王五16', 'wangwu16', '111111', '18801156796', '11112222', '', '', '', '2016-12-19', '2016-12-20 23:12:00', '14', '2016-12-20 23:13:00', '', '2016-12-20 23:13:00', '', null, '0');
INSERT INTO `sys_user` VALUES ('19', '王五17', 'wangwu17', '111111', '18801156796', '11112222', '', '', '', '2016-12-19', '2016-12-20 23:12:00', '15', '2016-12-20 23:13:00', '', '2016-12-20 23:13:00', '', null, '0');
INSERT INTO `sys_user` VALUES ('20', '王五18', 'wangwu18', '111111', '18801156796', '11112222', '', '', '', '2016-12-19', '2016-12-20 23:12:00', '16', '2016-12-20 23:13:00', '', '2016-12-20 23:13:00', '', null, '0');
INSERT INTO `sys_user` VALUES ('21', '王五19', 'wangwu19', '111111', '18801156796', '11112222', '', '', '', '2016-12-19', '2016-12-20 23:12:00', '17', '2016-12-20 23:13:00', '', '2016-12-20 23:13:00', '', null, '0');
INSERT INTO `sys_user` VALUES ('22', '王五20', 'wangwu20', '111111', '18801156796', '11112222', '', '', '', '2016-12-19', '2016-12-20 23:12:00', '18', '2016-12-20 23:13:00', '', '2016-12-20 23:13:00', '', null, '0');
INSERT INTO `sys_user` VALUES ('23', '王五21', 'wangwu21', '111111', '18801156796', '11112222', '', '', '', '2016-12-19', '2016-12-20 23:12:00', '19', '2016-12-20 23:13:00', '', '2016-12-20 23:13:00', '', null, '0');
INSERT INTO `sys_user` VALUES ('24', '王五22', 'wangwu22', '111111', '18801156796', '11112222', '', '', '', '2016-12-19', '2016-12-20 23:12:00', '20', '2016-12-20 23:13:00', '', '2016-12-20 23:13:00', '', null, '0');
INSERT INTO `sys_user` VALUES ('25', '王五23', 'wangwu23', '111111', '18801156796', '11112222', '', '', '', '2016-12-19', '2016-12-20 23:12:00', '21', '2016-12-20 23:13:00', '', '2016-12-20 23:13:00', '', null, '0');
INSERT INTO `sys_user` VALUES ('26', '王五24', 'wangwu24', '111111', '18801156796', '11112222', '', '', '', '2016-12-19', '2016-12-20 23:12:00', '22', '2016-12-20 23:13:00', '', '2016-12-20 23:13:00', '', null, '0');
INSERT INTO `sys_user` VALUES ('27', '王五25', 'wangwu25', '111111', '18801156796', '11112222', '', '', '', '2016-12-19', '2016-12-20 23:12:00', '23', '2016-12-20 23:13:00', '', '2016-12-20 23:13:00', '', null, '0');
INSERT INTO `sys_user` VALUES ('28', '王五26', 'wangwu26', '111111', '18801156796', '11112222', '', '', '', '2016-12-19', '2016-12-20 23:12:00', '24', '2016-12-20 23:13:00', '', '2016-12-20 23:13:00', '', null, '0');
INSERT INTO `sys_user` VALUES ('29', '王五27', 'wangwu27', '111111', '18801156796', '11112222', '', '', '', '2016-12-19', '2016-12-20 23:12:00', '25', '2016-12-20 23:13:00', '', '2016-12-20 23:13:00', '', null, '0');
INSERT INTO `sys_user` VALUES ('30', '王五28', 'wangwu28', '111111', '18801156796', '11112222', '', '', '', '2016-12-19', '2016-12-20 23:12:00', '26', '2016-12-20 23:13:00', '', '2016-12-20 23:13:00', '', null, '0');
INSERT INTO `sys_user` VALUES ('31', '王五29', 'wangwu29', '111111', '18801156796', '11112222', '', '', '', '2016-12-19', '2016-12-20 23:12:00', '27', '2016-12-20 23:13:00', '', '2016-12-20 23:13:00', '', null, '0');
INSERT INTO `sys_user` VALUES ('32', '王五30', 'wangwu30', '111111', '18801156796', '11112222', '', '', '', '2016-12-19', '2016-12-20 23:12:00', '28', '2016-12-20 23:13:00', '', '2016-12-20 23:13:00', '', null, '0');
INSERT INTO `sys_user` VALUES ('33', '王五31', 'wangwu31', '111111', '18801156796', '11112222', '', '', '', '2016-12-19', '2016-12-20 23:12:00', '29', '2016-12-20 23:13:00', '', '2016-12-20 23:13:00', '', null, '0');
INSERT INTO `sys_user` VALUES ('34', '王五32', 'wangwu32', '111111', '18801156796', '11112222', '', '', '', '2016-12-19', '2016-12-20 23:12:00', '30', '2016-12-20 23:13:00', '', '2016-12-20 23:13:00', '', null, '0');
INSERT INTO `sys_user` VALUES ('35', '王五33', 'wangwu33', '111111', '18801156796', '11112222', '', '', '', '2016-12-19', '2016-12-20 23:12:00', '31', '2016-12-20 23:13:00', '', '2016-12-20 23:13:00', '', null, '0');
INSERT INTO `sys_user` VALUES ('36', '王五34', 'wangwu34', '111111', '18801156796', '11112222', '', '', '', '2016-12-19', '2016-12-20 23:12:00', '32', '2016-12-20 23:13:00', '', '2016-12-20 23:13:00', '', null, '0');
INSERT INTO `sys_user` VALUES ('37', '王五35', 'wangwu35', '111111', '18801156796', '11112222', '', '', '', '2016-12-19', '2016-12-20 23:12:00', '33', '2016-12-20 23:13:00', '', '2016-12-20 23:13:00', '', null, '0');
INSERT INTO `sys_user` VALUES ('38', '王五36', 'wangwu36', '111111', '18801156796', '11112222', '', '', '', '2016-12-19', '2016-12-20 23:12:00', '34', '2016-12-20 23:13:00', '', '2016-12-20 23:13:00', '', null, '0');
INSERT INTO `sys_user` VALUES ('39', '王五37', 'wangwu37', '111111', '18801156796', '11112222', '', '', '', '2016-12-19', '2016-12-20 23:12:00', '35', '2016-12-20 23:13:00', '', '2016-12-20 23:13:00', '', null, '0');
INSERT INTO `sys_user` VALUES ('40', '王五38', 'wangwu38', '111111', '18801156796', '11112222', '', '', '', '2016-12-19', '2016-12-20 23:12:00', '36', '2016-12-20 23:13:00', '', '2016-12-20 23:13:00', '', null, '0');
INSERT INTO `sys_user` VALUES ('41', '王五39', 'wangwu39', '111111', '18801156796', '11112222', '', '', '', '2016-12-19', '2016-12-20 23:12:00', '37', '2016-12-20 23:13:00', '', '2016-12-20 23:13:00', '', null, '0');
INSERT INTO `sys_user` VALUES ('42', '王五40', 'wangwu40', '111111', '18801156796', '11112222', '', '', '', '2016-12-19', '2016-12-20 23:12:00', '38', '2016-12-20 23:13:00', '', '2016-12-20 23:13:00', '', null, '0');
INSERT INTO `sys_user` VALUES ('43', '王五41', 'wangwu41', '111111', '18801156796', '11112222', '', '', '', '2016-12-19', '2016-12-20 23:12:00', '39', '2016-12-20 23:13:00', '', '2016-12-20 23:13:00', '', null, '0');
INSERT INTO `sys_user` VALUES ('44', '王五42', 'wangwu42', '111111', '18801156796', '11112222', '', '', '', '2016-12-19', '2016-12-20 23:12:00', '40', '2016-12-20 23:13:00', '', '2016-12-20 23:13:00', '', null, '0');
INSERT INTO `sys_user` VALUES ('45', '王五43', 'wangwu43', '111111', '18801156796', '11112222', '', '', '', '2016-12-19', '2016-12-20 23:12:00', '41', '2016-12-20 23:13:00', '', '2016-12-20 23:13:00', '', null, '0');
INSERT INTO `sys_user` VALUES ('46', '王五44', 'wangwu44', '111111', '18801156796', '11112222', '', '', '', '2016-12-19', '2016-12-20 23:12:00', '42', '2016-12-20 23:13:00', '', '2016-12-20 23:13:00', '', null, '0');
INSERT INTO `sys_user` VALUES ('47', '王五45', 'wangwu45', '111111', '18801156796', '11112222', '', '', '', '2016-12-19', '2016-12-20 23:12:00', '43', '2016-12-20 23:13:00', '', '2016-12-20 23:13:00', '', null, '0');
INSERT INTO `sys_user` VALUES ('48', '王五46', 'wangwu46', '111111', '18801156796', '11112222', '', '', '', '2016-12-19', '2016-12-20 23:12:00', '44', '2016-12-20 23:13:00', '', '2016-12-20 23:13:00', '', null, '0');
INSERT INTO `sys_user` VALUES ('49', '王五47', 'wangwu47', '111111', '18801156796', '11112222', '', '', '', '2016-12-19', '2016-12-20 23:12:00', '45', '2016-12-20 23:13:00', '', '2016-12-20 23:13:00', '', null, '0');
INSERT INTO `sys_user` VALUES ('50', '王五48', 'wangwu48', '111111', '18801156796', '11112222', '', '', '', '2016-12-19', '2016-12-20 23:12:00', '46', '2016-12-20 23:13:00', '', '2016-12-20 23:13:00', '', null, '0');
INSERT INTO `sys_user` VALUES ('51', '王五49', 'wangwu49', '111111', '18801156796', '11112222', '', '', '', '2016-12-19', '2016-12-20 23:12:00', '47', '2016-12-20 23:13:00', '', '2016-12-20 23:13:00', '', null, '0');
INSERT INTO `sys_user` VALUES ('52', '王五50', 'wangwu50', '111111', '18801156796', '11112222', '', '', '', '2016-12-19', '2016-12-20 23:12:00', '48', '2016-12-20 23:13:00', '', '2016-12-20 23:13:00', '', null, '0');
INSERT INTO `sys_user` VALUES ('53', '王五51', 'wangwu51', '111111', '18801156796', '11112222', '', '', '', '2016-12-19', '2016-12-20 23:12:00', '49', '2016-12-20 23:13:00', '', '2016-12-20 23:13:00', '', null, '0');
INSERT INTO `sys_user` VALUES ('54', '王五52', 'wangwu52', '111111', '18801156796', '11112222', '', '', '', '2016-12-19', '2016-12-20 23:12:00', '50', '2016-12-20 23:13:00', '', '2016-12-20 23:13:00', '', null, '0');
INSERT INTO `sys_user` VALUES ('55', '王五53', 'wangwu53', '111111', '18801156796', '11112222', '', '', '', '2016-12-19', '2016-12-20 23:12:00', '51', '2016-12-20 23:13:00', '', '2016-12-20 23:13:00', '', null, '0');
INSERT INTO `sys_user` VALUES ('56', '王五54', 'wangwu54', '111111', '18801156796', '11112222', '', '', '', '2016-12-19', '2016-12-20 23:12:00', '52', '2016-12-20 23:13:00', '', '2016-12-20 23:13:00', '', null, '0');
INSERT INTO `sys_user` VALUES ('57', '王五55', 'wangwu55', '111111', '18801156796', '11112222', '', '', '', '2016-12-19', '2016-12-20 23:12:00', '53', '2016-12-20 23:13:00', '', '2016-12-20 23:13:00', '', null, '0');
INSERT INTO `sys_user` VALUES ('58', '王五56', 'wangwu56', '111111', '18801156796', '11112222', '', '', '', '2016-12-19', '2016-12-20 23:12:00', '54', '2016-12-20 23:13:00', '', '2016-12-20 23:13:00', '', null, '0');
INSERT INTO `sys_user` VALUES ('59', '王五57', 'wangwu57', '111111', '18801156796', '11112222', '', '', '', '2016-12-19', '2016-12-20 23:12:00', '55', '2016-12-20 23:13:00', '', '2016-12-20 23:13:00', '', null, '0');
INSERT INTO `sys_user` VALUES ('60', '王五58', 'wangwu58', '111111', '18801156796', '11112222', '', '', '', '2016-12-19', '2016-12-20 23:12:00', '56', '2016-12-20 23:13:00', '', '2016-12-20 23:13:00', '', null, '0');
INSERT INTO `sys_user` VALUES ('61', '王五59', 'wangwu59', '111111', '18801156796', '11112222', '', '', '', '2016-12-19', '2016-12-20 23:12:00', '57', '2016-12-20 23:13:00', '', '2016-12-20 23:13:00', '', null, '0');
INSERT INTO `sys_user` VALUES ('62', '王五60', 'wangwu60', '111111', '18801156796', '11112222', '', '', '', '2016-12-19', '2016-12-20 23:12:00', '58', '2016-12-20 23:13:00', '', '2016-12-20 23:13:00', '', null, '0');
INSERT INTO `sys_user` VALUES ('63', '王五61', 'wangwu61', '111111', '18801156796', '11112222', '', '', '', '2016-12-19', '2016-12-20 23:12:00', '59', '2016-12-20 23:13:00', '', '2016-12-20 23:13:00', '', null, '0');
INSERT INTO `sys_user` VALUES ('64', '王五62', 'wangwu62', '111111', '18801156796', '11112222', '', '', '', '2016-12-19', '2016-12-20 23:12:00', '60', '2016-12-20 23:13:00', '', '2016-12-20 23:13:00', '', null, '0');
INSERT INTO `sys_user` VALUES ('65', '王五63', 'wangwu63', '111111', '18801156796', '11112222', '', '', '', '2016-12-19', '2016-12-20 23:12:00', '61', '2016-12-20 23:13:00', '', '2016-12-20 23:13:00', '', null, '0');
INSERT INTO `sys_user` VALUES ('66', '王五64', 'wangwu64', '111111', '18801156796', '11112222', '', '', '', '2016-12-19', '2016-12-20 23:12:00', '62', '2016-12-20 23:13:00', '', '2016-12-20 23:13:00', '', null, '0');
INSERT INTO `sys_user` VALUES ('67', '王五65', 'wangwu65', '111111', '18801156796', '11112222', '', '', '', '2016-12-19', '2016-12-20 23:12:00', '63', '2016-12-20 23:13:00', '', '2016-12-20 23:13:00', '', null, '0');
INSERT INTO `sys_user` VALUES ('68', '王五66', 'wangwu66', '111111', '18801156796', '11112222', '', '', '', '2016-12-19', '2016-12-20 23:12:00', '64', '2016-12-20 23:13:00', '', '2016-12-20 23:13:00', '', null, '0');
INSERT INTO `sys_user` VALUES ('69', '王五67', 'wangwu67', '111111', '18801156796', '11112222', '', '', '', '2016-12-19', '2016-12-20 23:12:00', '65', '2016-12-20 23:13:00', '', '2016-12-20 23:13:00', '', null, '0');
INSERT INTO `sys_user` VALUES ('70', '王五68', 'wangwu68', '111111', '18801156796', '11112222', '', '', '', '2016-12-19', '2016-12-20 23:12:00', '66', '2016-12-20 23:13:00', '', '2016-12-20 23:13:00', '', null, '0');
INSERT INTO `sys_user` VALUES ('71', '王五69', 'wangwu69', '111111', '18801156796', '11112222', '', '', '', '2016-12-19', '2016-12-20 23:12:00', '67', '2016-12-20 23:13:00', '', '2016-12-20 23:13:00', '', null, '0');
INSERT INTO `sys_user` VALUES ('72', '王五70', 'wangwu70', '111111', '18801156796', '11112222', '', '', '', '2016-12-19', '2016-12-20 23:12:00', '68', '2016-12-20 23:13:00', '', '2016-12-20 23:13:00', '', null, '0');
INSERT INTO `sys_user` VALUES ('73', '王五71', 'wangwu71', '111111', '18801156796', '11112222', '', '', '', '2016-12-19', '2016-12-20 23:12:00', '69', '2016-12-20 23:13:00', '', '2016-12-20 23:13:00', '', null, '0');
INSERT INTO `sys_user` VALUES ('74', '王五72', 'wangwu72', '111111', '18801156796', '11112222', '', '', '', '2016-12-19', '2016-12-20 23:12:00', '70', '2016-12-20 23:13:00', '', '2016-12-20 23:13:00', '', null, '0');
INSERT INTO `sys_user` VALUES ('75', '王五73', 'wangwu73', '111111', '18801156796', '11112222', '', '', '', '2016-12-19', '2016-12-20 23:12:00', '71', '2016-12-20 23:13:00', '', '2016-12-20 23:13:00', '', null, '0');
INSERT INTO `sys_user` VALUES ('76', '王五74', 'wangwu74', '111111', '18801156796', '11112222', '', '', '', '2016-12-19', '2016-12-20 23:12:00', '72', '2016-12-20 23:13:00', '', '2016-12-20 23:13:00', '', null, '0');
INSERT INTO `sys_user` VALUES ('77', '王五75', 'wangwu75', '111111', '18801156796', '11112222', '', '', '', '2016-12-19', '2016-12-20 23:12:00', '73', '2016-12-20 23:13:00', '', '2016-12-20 23:13:00', '', null, '0');
INSERT INTO `sys_user` VALUES ('78', '王五76', 'wangwu76', '111111', '18801156796', '11112222', '', '', '', '2016-12-19', '2016-12-20 23:12:00', '74', '2016-12-20 23:13:00', '', '2016-12-20 23:13:00', '', null, '0');
INSERT INTO `sys_user` VALUES ('79', '王五77', 'wangwu77', '111111', '18801156796', '11112222', '', '', '', '2016-12-19', '2016-12-20 23:12:00', '75', '2016-12-20 23:13:00', '', '2016-12-20 23:13:00', '', null, '0');
INSERT INTO `sys_user` VALUES ('80', '王五78', 'wangwu78', '111111', '18801156796', '11112222', '', '', '', '2016-12-19', '2016-12-20 23:12:00', '76', '2016-12-20 23:13:00', '', '2016-12-20 23:13:00', '', null, '0');
INSERT INTO `sys_user` VALUES ('81', '王五79', 'wangwu79', '111111', '18801156796', '11112222', '', '', '', '2016-12-19', '2016-12-20 23:12:00', '77', '2016-12-20 23:13:00', '', '2016-12-20 23:13:00', '', null, '0');
INSERT INTO `sys_user` VALUES ('82', '王五80', 'wangwu80', '111111', '18801156796', '11112222', '', '', '', '2016-12-19', '2016-12-20 23:12:00', '78', '2016-12-20 23:13:00', '', '2016-12-20 23:13:00', '', null, '0');
INSERT INTO `sys_user` VALUES ('83', '王五81', 'wangwu81', '111111', '18801156796', '11112222', '', '', '', '2016-12-19', '2016-12-20 23:12:00', '79', '2016-12-20 23:13:00', '', '2016-12-20 23:13:00', '', null, '0');
INSERT INTO `sys_user` VALUES ('84', '王五82', 'wangwu82', '111111', '18801156796', '11112222', '', '', '', '2016-12-19', '2016-12-20 23:12:00', '80', '2016-12-20 23:13:00', '', '2016-12-20 23:13:00', '', null, '0');
INSERT INTO `sys_user` VALUES ('85', '王五83', 'wangwu83', '111111', '18801156796', '11112222', '', '', '', '2016-12-19', '2016-12-20 23:12:00', '81', '2016-12-20 23:13:00', '', '2016-12-20 23:13:00', '', null, '0');
INSERT INTO `sys_user` VALUES ('86', '王五84', 'wangwu84', '111111', '18801156796', '11112222', '', '', '', '2016-12-19', '2016-12-20 23:12:00', '82', '2016-12-20 23:13:00', '', '2016-12-20 23:13:00', '', null, '0');
INSERT INTO `sys_user` VALUES ('87', '王五85', 'wangwu85', '111111', '18801156796', '11112222', '', '', '', '2016-12-19', '2016-12-20 23:12:00', '83', '2016-12-20 23:13:00', '', '2016-12-20 23:13:00', '', null, '0');
INSERT INTO `sys_user` VALUES ('88', '王五86', 'wangwu86', '111111', '18801156796', '11112222', '', '', '', '2016-12-19', '2016-12-20 23:12:00', '84', '2016-12-20 23:13:00', '', '2016-12-20 23:13:00', '', null, '0');
INSERT INTO `sys_user` VALUES ('89', '王五87', 'wangwu87', '111111', '18801156796', '11112222', '', '', '', '2016-12-19', '2016-12-20 23:12:00', '85', '2016-12-20 23:13:00', '', '2016-12-20 23:13:00', '', null, '0');
INSERT INTO `sys_user` VALUES ('90', '王五88', 'wangwu88', '111111', '18801156796', '11112222', '', '', '', '2016-12-19', '2016-12-20 23:12:00', '86', '2016-12-20 23:13:00', '', '2016-12-20 23:13:00', '', null, '0');
INSERT INTO `sys_user` VALUES ('91', '王五89', 'wangwu89', '111111', '18801156796', '11112222', '', '', '', '2016-12-19', '2016-12-20 23:12:00', '87', '2016-12-20 23:13:00', '', '2016-12-20 23:13:00', '', null, '0');
INSERT INTO `sys_user` VALUES ('92', '王五90', 'wangwu90', '111111', '18801156796', '11112222', '', '', '', '2016-12-19', '2016-12-20 23:12:00', '88', '2016-12-20 23:13:00', '', '2016-12-20 23:13:00', '', null, '0');
INSERT INTO `sys_user` VALUES ('93', '王五91', 'wangwu91', '111111', '18801156796', '11112222', '', '', '', '2016-12-19', '2016-12-20 23:12:00', '89', '2016-12-20 23:13:00', '', '2016-12-20 23:13:00', '', null, '0');
INSERT INTO `sys_user` VALUES ('94', '王五92', 'wangwu92', '111111', '18801156796', '11112222', '', '', '', '2016-12-19', '2016-12-20 23:12:00', '90', '2016-12-20 23:13:00', '', '2016-12-20 23:13:00', '', null, '0');
INSERT INTO `sys_user` VALUES ('95', '王五93', 'wangwu93', '111111', '18801156796', '11112222', '', '', '', '2016-12-19', '2016-12-20 23:12:00', '91', '2016-12-20 23:13:00', '', '2016-12-20 23:13:00', '', null, '0');
INSERT INTO `sys_user` VALUES ('96', '王五94', 'wangwu94', '111111', '18801156796', '11112222', '', '', '', '2016-12-19', '2016-12-20 23:12:00', '92', '2016-12-20 23:13:00', '', '2016-12-20 23:13:00', '', null, '0');
INSERT INTO `sys_user` VALUES ('97', '王五95', 'wangwu95', '111111', '18801156796', '11112222', '', '', '', '2016-12-19', '2016-12-20 23:12:00', '93', '2016-12-20 23:13:00', '', '2016-12-20 23:13:00', '', null, '0');
INSERT INTO `sys_user` VALUES ('98', '王五96', 'wangwu96', '111111', '18801156796', '11112222', '', '', '', '2016-12-19', '2016-12-20 23:12:00', '94', '2016-12-20 23:13:00', '', '2016-12-20 23:13:00', '', null, '0');
INSERT INTO `sys_user` VALUES ('99', '王五97', 'wangwu97', '111111', '18801156796', '11112222', '', '', '', '2016-12-19', '2016-12-20 23:12:00', '95', '2016-12-20 23:13:00', '', '2016-12-20 23:13:00', '', null, '0');
INSERT INTO `sys_user` VALUES ('100', '王五98', 'wangwu98', '111111', '18801156796', '11112222', '', '', '', '2016-12-19', '2016-12-20 23:12:00', '96', '2016-12-20 23:13:00', '', '2016-12-20 23:13:00', '', null, '0');
INSERT INTO `sys_user` VALUES ('101', '王五99', 'wangwu99', '111111', '18801156796', '11112222', '', '', '', '2016-12-19', '2016-12-20 23:12:00', '97', '2016-12-20 23:13:00', '', '2016-12-20 23:13:00', '', null, '0');
INSERT INTO `sys_user` VALUES ('102', '王五100', 'wangwu100', '111111', '18801156796', '11112222', '', '', '', '2016-12-19', '2016-12-20 23:12:00', '98', '2016-12-20 23:13:00', '', '2016-12-20 23:13:00', '', null, '0');
INSERT INTO `sys_user` VALUES ('103', '王五101', 'wangwu101', '111111', '18801156796', '11112222', '', '', '', '2016-12-19', '2016-12-20 23:12:00', '99', '2016-12-20 23:13:00', '', '2016-12-20 23:13:00', '', null, '0');
INSERT INTO `sys_user` VALUES ('104', '王五102', 'wangwu102', '111111', '18801156796', '11112222', '', '', '', '2016-12-19', '2016-12-20 23:12:00', '100', '2016-12-20 23:13:00', '', '2016-12-20 23:13:00', '', null, '0');
INSERT INTO `sys_user` VALUES ('105', '王五103', 'wangwu103', '111111', '18801156796', '11112222', '', '', '', '2016-12-19', '2016-12-20 23:12:00', '101', '2016-12-20 23:13:00', '', '2016-12-20 23:13:00', '', null, '0');
INSERT INTO `sys_user` VALUES ('106', '王五104', 'wangwu104', '111111', '18801156796', '11112222', '', '', '', '2016-12-19', '2016-12-20 23:12:00', '102', '2016-12-20 23:13:00', '', '2016-12-20 23:13:00', '', null, '0');
INSERT INTO `sys_user` VALUES ('107', '王五105', 'wangwu105', '111111', '18801156796', '11112222', '', '', '', '2016-12-19', '2016-12-20 23:12:00', '103', '2016-12-20 23:13:00', '', '2016-12-20 23:13:00', '', null, '0');
INSERT INTO `sys_user` VALUES ('108', '王五106', 'wangwu106', '111111', '18801156796', '11112222', '', '', '', '2016-12-19', '2016-12-20 23:12:00', '104', '2016-12-20 23:13:00', '', '2016-12-20 23:13:00', '', null, '0');
INSERT INTO `sys_user` VALUES ('109', '王五107', 'wangwu107', '111111', '18801156796', '11112222', '', '', '', '2016-12-19', '2016-12-20 23:12:00', '105', '2016-12-20 23:13:00', '', '2016-12-20 23:13:00', '', null, '0');
INSERT INTO `sys_user` VALUES ('110', '王五108', 'wangwu108', '111111', '18801156796', '11112222', '', '', '', '2016-12-19', '2016-12-20 23:12:00', '106', '2016-12-20 23:13:00', '', '2016-12-20 23:13:00', '', null, '0');
INSERT INTO `sys_user` VALUES ('111', '王五109', 'wangwu109', '111111', '18801156796', '11112222', '', '', '', '2016-12-19', '2016-12-20 23:12:00', '107', '2016-12-20 23:13:00', '', '2016-12-20 23:13:00', '', null, '0');
INSERT INTO `sys_user` VALUES ('112', '王五110', 'wangwu110', '111111', '18801156796', '11112222', '', '', '', '2016-12-19', '2016-12-20 23:12:00', '108', '2016-12-20 23:13:00', '', '2016-12-20 23:13:00', '', null, '0');
INSERT INTO `sys_user` VALUES ('113', '王五111', 'wangwu111', '111111', '18801156796', '11112222', '', '', '', '2016-12-19', '2016-12-20 23:12:00', '109', '2016-12-20 23:13:00', '', '2016-12-20 23:13:00', '', null, '0');
INSERT INTO `sys_user` VALUES ('114', '王五112', 'wangwu112', '111111', '18801156796', '11112222', '', '', '', '2016-12-19', '2016-12-20 23:12:00', '110', '2016-12-20 23:13:00', '', '2016-12-20 23:13:00', '', null, '0');
INSERT INTO `sys_user` VALUES ('115', '王五113', 'wangwu113', '111111', '18801156796', '11112222', '', '', '', '2016-12-19', '2016-12-20 23:12:00', '111', '2016-12-20 23:13:00', '', '2016-12-20 23:13:00', '', null, '0');
INSERT INTO `sys_user` VALUES ('116', '王五114', 'wangwu114', '111111', '18801156796', '11112222', '', '', '', '2016-12-19', '2016-12-20 23:12:00', '112', '2016-12-20 23:13:00', '', '2016-12-20 23:13:00', '', null, '0');
INSERT INTO `sys_user` VALUES ('117', '王五115', 'wangwu115', '111111', '18801156796', '11112222', '', '', '', '2016-12-19', '2016-12-20 23:12:00', '113', '2016-12-20 23:13:00', '', '2016-12-20 23:13:00', '', null, '0');
INSERT INTO `sys_user` VALUES ('118', '王五116', 'wangwu116', '111111', '18801156796', '11112222', '', '', '', '2016-12-19', '2016-12-20 23:12:00', '114', '2016-12-20 23:13:00', '', '2016-12-20 23:13:00', '', null, '0');
INSERT INTO `sys_user` VALUES ('119', '王五117', 'wangwu117', '111111', '18801156796', '11112222', '', '', '', '2016-12-19', '2016-12-20 23:12:00', '115', '2016-12-20 23:13:00', '', '2016-12-20 23:13:00', '', null, '0');
INSERT INTO `sys_user` VALUES ('120', '王五118', 'wangwu118', '111111', '18801156796', '11112222', '', '', '', '2016-12-19', '2016-12-20 23:12:00', '116', '2016-12-20 23:13:00', '', '2016-12-20 23:13:00', '', null, '0');
INSERT INTO `sys_user` VALUES ('121', '王五119', 'wangwu119', '111111', '18801156796', '11112222', '', '', '', '2016-12-19', '2016-12-20 23:12:00', '117', '2016-12-20 23:13:00', '', '2016-12-20 23:13:00', '', null, '0');
INSERT INTO `sys_user` VALUES ('122', '王五120', 'wangwu120', '111111', '18801156796', '11112222', '', '', '', '2016-12-19', '2016-12-20 23:12:00', '118', '2016-12-20 23:13:00', '', '2016-12-20 23:13:00', '', null, '0');
INSERT INTO `sys_user` VALUES ('123', '王五121', 'wangwu121', '111111', '18801156796', '11112222', '', '', '', '2016-12-19', '2016-12-20 23:12:00', '119', '2016-12-20 23:13:00', '', '2016-12-20 23:13:00', '', null, '0');
INSERT INTO `sys_user` VALUES ('124', '王五122', 'wangwu122', '111111', '18801156796', '11112222', '', '', '', '2016-12-19', '2016-12-20 23:12:00', '120', '2016-12-20 23:13:00', '', '2016-12-20 23:13:00', '', null, '0');
INSERT INTO `sys_user` VALUES ('125', '王五123', 'wangwu123', '111111', '18801156796', '11112222', '', '', '', '2016-12-19', '2016-12-20 23:12:00', '121', '2016-12-20 23:13:00', '', '2016-12-20 23:13:00', '', null, '0');
INSERT INTO `sys_user` VALUES ('126', '王五124', 'wangwu124', '111111', '18801156796', '11112222', '', '', '', '2016-12-19', '2016-12-20 23:12:00', '122', '2016-12-20 23:13:00', '', '2016-12-20 23:13:00', '', null, '0');
INSERT INTO `sys_user` VALUES ('127', '王五125', 'wangwu125', '111111', '18801156796', '11112222', '', '', '', '2016-12-19', '2016-12-20 23:12:00', '123', '2016-12-20 23:13:00', '', '2016-12-20 23:13:00', '', null, '0');
INSERT INTO `sys_user` VALUES ('128', '王五126', 'wangwu126', '111111', '18801156796', '11112222', '', '', '', '2016-12-19', '2016-12-20 23:12:00', '124', '2016-12-20 23:13:00', '', '2016-12-20 23:13:00', '', null, '0');
INSERT INTO `sys_user` VALUES ('129', '王五127', 'wangwu127', '111111', '18801156796', '11112222', '', '', '', '2016-12-19', '2016-12-20 23:12:00', '125', '2016-12-20 23:13:00', '', '2016-12-20 23:13:00', '', null, '0');
INSERT INTO `sys_user` VALUES ('130', '王五128', 'wangwu128', '111111', '18801156796', '11112222', '', '', '', '2016-12-19', '2016-12-20 23:12:00', '126', '2016-12-20 23:13:00', '', '2016-12-20 23:13:00', '', null, '0');
INSERT INTO `sys_user` VALUES ('131', '王五129', 'wangwu129', '111111', '18801156796', '11112222', '', '', '', '2016-12-19', '2016-12-20 23:12:00', '127', '2016-12-20 23:13:00', '', '2016-12-20 23:13:00', '', null, '0');
INSERT INTO `sys_user` VALUES ('132', '王五130', 'wangwu130', '111111', '18801156796', '11112222', '', '', '', '2016-12-19', '2016-12-20 23:12:00', '128', '2016-12-20 23:13:00', '', '2016-12-20 23:13:00', '', null, '0');
INSERT INTO `sys_user` VALUES ('133', '王五131', 'wangwu131', '111111', '18801156796', '11112222', '', '', '', '2016-12-19', '2016-12-20 23:12:00', '129', '2016-12-20 23:13:00', '', '2016-12-20 23:13:00', '', null, '0');
INSERT INTO `sys_user` VALUES ('134', '王五132', 'wangwu132', '111111', '18801156796', '11112222', '', '', '', '2016-12-19', '2016-12-20 23:12:00', '130', '2016-12-20 23:13:00', '', '2016-12-20 23:13:00', '', null, '0');
INSERT INTO `sys_user` VALUES ('135', '王五133', 'wangwu133', '111111', '18801156796', '11112222', '', '', '', '2016-12-19', '2016-12-20 23:12:00', '131', '2016-12-20 23:13:00', '', '2016-12-20 23:13:00', '', null, '0');
INSERT INTO `sys_user` VALUES ('136', '王五134', 'wangwu134', '111111', '18801156796', '11112222', '', '', '', '2016-12-19', '2016-12-20 23:12:00', '132', '2016-12-20 23:13:00', '', '2016-12-20 23:13:00', '', null, '0');
INSERT INTO `sys_user` VALUES ('137', '王五135', 'wangwu135', '111111', '18801156796', '11112222', '', '', '', '2016-12-19', '2016-12-20 23:12:00', '133', '2016-12-20 23:13:00', '', '2016-12-20 23:13:00', '', null, '0');
INSERT INTO `sys_user` VALUES ('138', '王五136', 'wangwu136', '111111', '18801156796', '11112222', '', '', '', '2016-12-19', '2016-12-20 23:12:00', '134', '2016-12-20 23:13:00', '', '2016-12-20 23:13:00', '', null, '0');
INSERT INTO `sys_user` VALUES ('139', '王五137', 'wangwu137', '111111', '18801156796', '11112222', '', '', '', '2016-12-19', '2016-12-20 23:12:00', '135', '2016-12-20 23:13:00', '', '2016-12-20 23:13:00', '', null, '0');
INSERT INTO `sys_user` VALUES ('140', '王五138', 'wangwu138', '111111', '18801156796', '11112222', '', '', '', '2016-12-19', '2016-12-20 23:12:00', '136', '2016-12-20 23:13:00', '', '2016-12-20 23:13:00', '', null, '0');
INSERT INTO `sys_user` VALUES ('141', '王五139', 'wangwu139', '111111', '18801156796', '11112222', '', '', '', '2016-12-19', '2016-12-20 23:12:00', '137', '2016-12-20 23:13:00', '', '2016-12-20 23:13:00', '', null, '0');
INSERT INTO `sys_user` VALUES ('142', '王五140', 'wangwu140', '111111', '18801156796', '11112222', '', '', '', '2016-12-19', '2016-12-20 23:12:00', '138', '2016-12-20 23:13:00', '', '2016-12-20 23:13:00', '', null, '0');
INSERT INTO `sys_user` VALUES ('143', '王五141', 'wangwu141', '111111', '18801156796', '11112222', '', '', '', '2016-12-19', '2016-12-20 23:12:00', '139', '2016-12-20 23:13:00', '', '2016-12-20 23:13:00', '', null, '0');
INSERT INTO `sys_user` VALUES ('144', '王五142', 'wangwu142', '111111', '18801156796', '11112222', '', '', '', '2016-12-19', '2016-12-20 23:12:00', '140', '2016-12-20 23:13:00', '', '2016-12-20 23:13:00', '', null, '0');
INSERT INTO `sys_user` VALUES ('145', '王五143', 'wangwu143', '111111', '18801156796', '11112222', '', '', '', '2016-12-19', '2016-12-20 23:12:00', '141', '2016-12-20 23:13:00', '', '2016-12-20 23:13:00', '', null, '0');
INSERT INTO `sys_user` VALUES ('146', '王五144', 'wangwu144', '111111', '18801156796', '11112222', '', '', '', '2016-12-19', '2016-12-20 23:12:00', '142', '2016-12-20 23:13:00', '', '2016-12-20 23:13:00', '', null, '0');
INSERT INTO `sys_user` VALUES ('147', '王五145', 'wangwu145', '111111', '18801156796', '11112222', '', '', '', '2016-12-19', '2016-12-20 23:12:00', '143', '2016-12-20 23:13:00', '', '2016-12-20 23:13:00', '', null, '0');
INSERT INTO `sys_user` VALUES ('148', '王五146', 'wangwu146', '111111', '18801156796', '11112222', '', '', '', '2016-12-19', '2016-12-20 23:12:00', '144', '2016-12-20 23:13:00', '', '2016-12-20 23:13:00', '', null, '0');
INSERT INTO `sys_user` VALUES ('149', '王五147', 'wangwu147', '111111', '18801156796', '11112222', '', '', '', '2016-12-19', '2016-12-20 23:12:00', '145', '2016-12-20 23:13:00', '', '2016-12-20 23:13:00', '', null, '0');
INSERT INTO `sys_user` VALUES ('150', '王五148', 'wangwu148', '111111', '18801156796', '11112222', '', '', '', '2016-12-19', '2016-12-20 23:12:00', '146', '2016-12-20 23:13:00', '', '2016-12-20 23:13:00', '', null, '0');
INSERT INTO `sys_user` VALUES ('151', '王五149', 'wangwu149', '111111', '18801156796', '11112222', '', '', '', '2016-12-19', '2016-12-20 23:12:00', '147', '2016-12-20 23:13:00', '', '2016-12-20 23:13:00', '', null, '0');
INSERT INTO `sys_user` VALUES ('152', '王五150', 'wangwu150', '111111', '18801156796', '11112222', '', '', '', '2016-12-19', '2016-12-20 23:12:00', '148', '2016-12-20 23:13:00', '', '2016-12-20 23:13:00', '', null, '0');
INSERT INTO `sys_user` VALUES ('153', '王五151', 'wangwu151', '111111', '18801156796', '11112222', '', '', '', '2016-12-19', '2016-12-20 23:12:00', '149', '2016-12-20 23:13:00', '', '2016-12-20 23:13:00', '', null, '0');
INSERT INTO `sys_user` VALUES ('154', '王五152', 'wangwu152', '111111', '18801156796', '11112222', '', '', '', '2016-12-19', '2016-12-20 23:12:00', '150', '2016-12-20 23:13:00', '', '2016-12-20 23:13:00', '', null, '0');
INSERT INTO `sys_user` VALUES ('155', '王五153', 'wangwu153', '111111', '18801156796', '11112222', '', '', '', '2016-12-19', '2016-12-20 23:12:00', '151', '2016-12-20 23:13:00', '', '2016-12-20 23:13:00', '', null, '0');
INSERT INTO `sys_user` VALUES ('156', '王五154', 'wangwu154', '111111', '18801156796', '11112222', '', '', '', '2016-12-19', '2016-12-20 23:12:00', '152', '2016-12-20 23:13:00', '', '2016-12-20 23:13:00', '', null, '0');
INSERT INTO `sys_user` VALUES ('157', '王五155', 'wangwu155', '111111', '18801156796', '11112222', '', '', '', '2016-12-19', '2016-12-20 23:12:00', '153', '2016-12-20 23:13:00', '', '2016-12-20 23:13:00', '', null, '0');
INSERT INTO `sys_user` VALUES ('158', '王五156', 'wangwu156', '111111', '18801156796', '11112222', '', '', '', '2016-12-19', '2016-12-20 23:12:00', '154', '2016-12-20 23:13:00', '', '2016-12-20 23:13:00', '', null, '0');
INSERT INTO `sys_user` VALUES ('159', '王五157', 'wangwu157', '111111', '18801156796', '11112222', '', '', '', '2016-12-19', '2016-12-20 23:12:00', '155', '2016-12-20 23:13:00', '', '2016-12-20 23:13:00', '', null, '0');
INSERT INTO `sys_user` VALUES ('160', '王五158', 'wangwu158', '111111', '18801156796', '11112222', '', '', '', '2016-12-19', '2016-12-20 23:12:00', '156', '2016-12-20 23:13:00', '', '2016-12-20 23:13:00', '', null, '0');
INSERT INTO `sys_user` VALUES ('161', '王五159', 'wangwu159', '111111', '18801156796', '11112222', '', '', '', '2016-12-19', '2016-12-20 23:12:00', '157', '2016-12-20 23:13:00', '', '2016-12-20 23:13:00', '', null, '0');
INSERT INTO `sys_user` VALUES ('162', '王五160', 'wangwu160', '111111', '18801156796', '11112222', '', '', '', '2016-12-19', '2016-12-20 23:12:00', '158', '2016-12-20 23:13:00', '', '2016-12-20 23:13:00', '', null, '0');
INSERT INTO `sys_user` VALUES ('163', '王五161', 'wangwu161', '111111', '18801156796', '11112222', '', '', '', '2016-12-19', '2016-12-20 23:12:00', '159', '2016-12-20 23:13:00', '', '2016-12-20 23:13:00', '', null, '0');
INSERT INTO `sys_user` VALUES ('164', '王五162', 'wangwu162', '111111', '18801156796', '11112222', '', '', '', '2016-12-19', '2016-12-20 23:12:00', '160', '2016-12-20 23:13:00', '', '2016-12-20 23:13:00', '', null, '0');
INSERT INTO `sys_user` VALUES ('165', '王五163', 'wangwu163', '111111', '18801156796', '11112222', '', '', '', '2016-12-19', '2016-12-20 23:12:00', '161', '2016-12-20 23:13:00', '', '2016-12-20 23:13:00', '', null, '0');
INSERT INTO `sys_user` VALUES ('166', '王五164', 'wangwu164', '111111', '18801156796', '11112222', '', '', '', '2016-12-19', '2016-12-20 23:12:00', '162', '2016-12-20 23:13:00', '', '2016-12-20 23:13:00', '', null, '0');
INSERT INTO `sys_user` VALUES ('167', '王五165', 'wangwu165', '111111', '18801156796', '11112222', '', '', '', '2016-12-19', '2016-12-20 23:12:00', '163', '2016-12-20 23:13:00', '', '2016-12-20 23:13:00', '', null, '0');
INSERT INTO `sys_user` VALUES ('168', '王五166', 'wangwu166', '111111', '18801156796', '11112222', '', '', '', '2016-12-19', '2016-12-20 23:12:00', '164', '2016-12-20 23:13:00', '', '2016-12-20 23:13:00', '', null, '0');
INSERT INTO `sys_user` VALUES ('169', '王五167', 'wangwu167', '111111', '18801156796', '11112222', '', '', '', '2016-12-19', '2016-12-20 23:12:00', '165', '2016-12-20 23:13:00', '', '2016-12-20 23:13:00', '', null, '0');
INSERT INTO `sys_user` VALUES ('170', '王五168', 'wangwu168', '111111', '18801156796', '11112222', '', '', '', '2016-12-19', '2016-12-20 23:12:00', '166', '2016-12-20 23:13:00', '', '2016-12-20 23:13:00', '', null, '0');
INSERT INTO `sys_user` VALUES ('171', '王五169', 'wangwu169', '111111', '18801156796', '11112222', '', '', '', '2016-12-19', '2016-12-20 23:12:00', '167', '2016-12-20 23:13:00', '', '2016-12-20 23:13:00', '', null, '0');
INSERT INTO `sys_user` VALUES ('172', '王五170', 'wangwu170', '111111', '18801156796', '11112222', '', '', '', '2016-12-19', '2016-12-20 23:12:00', '168', '2016-12-20 23:13:00', '', '2016-12-20 23:13:00', '', null, '0');
INSERT INTO `sys_user` VALUES ('173', '王五171', 'wangwu171', '111111', '18801156796', '11112222', '', '', '', '2016-12-19', '2016-12-20 23:12:00', '169', '2016-12-20 23:13:00', '', '2016-12-20 23:13:00', '', null, '0');
INSERT INTO `sys_user` VALUES ('174', '王五172', 'wangwu172', '111111', '18801156796', '11112222', '', '', '', '2016-12-19', '2016-12-20 23:12:00', '170', '2016-12-20 23:13:00', '', '2016-12-20 23:13:00', '', null, '0');
INSERT INTO `sys_user` VALUES ('175', '王五173', 'wangwu173', '111111', '18801156796', '11112222', '', '', '', '2016-12-19', '2016-12-20 23:12:00', '171', '2016-12-20 23:13:00', '', '2016-12-20 23:13:00', '', null, '0');
INSERT INTO `sys_user` VALUES ('176', '王五174', 'wangwu174', '111111', '18801156796', '11112222', '', '', '', '2016-12-19', '2016-12-20 23:12:00', '172', '2016-12-20 23:13:00', '', '2016-12-20 23:13:00', '', null, '0');
INSERT INTO `sys_user` VALUES ('177', '王五175', 'wangwu175', '111111', '18801156796', '11112222', '', '', '', '2016-12-19', '2016-12-20 23:12:00', '173', '2016-12-20 23:13:00', '', '2016-12-20 23:13:00', '', null, '0');
INSERT INTO `sys_user` VALUES ('178', '王五176', 'wangwu176', '111111', '18801156796', '11112222', '', '', '', '2016-12-19', '2016-12-20 23:12:00', '174', '2016-12-20 23:13:00', '', '2016-12-20 23:13:00', '', null, '0');
INSERT INTO `sys_user` VALUES ('179', '王五177', 'wangwu177', '111111', '18801156796', '11112222', '', '', '', '2016-12-19', '2016-12-20 23:12:00', '175', '2016-12-20 23:13:00', '', '2016-12-20 23:13:00', '', null, '0');
INSERT INTO `sys_user` VALUES ('180', '王五178', 'wangwu178', '111111', '18801156796', '11112222', '', '', '', '2016-12-19', '2016-12-20 23:12:00', '176', '2016-12-20 23:13:00', '', '2016-12-20 23:13:00', '', null, '0');
INSERT INTO `sys_user` VALUES ('181', '王五179', 'wangwu179', '111111', '18801156796', '11112222', '', '', '', '2016-12-19', '2016-12-20 23:12:00', '177', '2016-12-20 23:13:00', '', '2016-12-20 23:13:00', '', null, '0');
INSERT INTO `sys_user` VALUES ('182', '王五180', 'wangwu180', '111111', '18801156796', '11112222', '', '', '', '2016-12-19', '2016-12-20 23:12:00', '178', '2016-12-20 23:13:00', '', '2016-12-20 23:13:00', '', null, '0');
INSERT INTO `sys_user` VALUES ('183', '王五181', 'wangwu181', '111111', '18801156796', '11112222', '', '', '', '2016-12-19', '2016-12-20 23:12:00', '179', '2016-12-20 23:13:00', '', '2016-12-20 23:13:00', '', null, '0');
INSERT INTO `sys_user` VALUES ('184', '王五182', 'wangwu182', '111111', '18801156796', '11112222', '', '', '', '2016-12-19', '2016-12-20 23:12:00', '180', '2016-12-20 23:13:00', '', '2016-12-20 23:13:00', '', null, '0');
INSERT INTO `sys_user` VALUES ('185', '王五183', 'wangwu183', '111111', '18801156796', '11112222', '', '', '', '2016-12-19', '2016-12-20 23:12:00', '181', '2016-12-20 23:13:00', '', '2016-12-20 23:13:00', '', null, '0');
INSERT INTO `sys_user` VALUES ('186', '王五184', 'wangwu184', '111111', '18801156796', '11112222', '', '', '', '2016-12-19', '2016-12-20 23:12:00', '182', '2016-12-20 23:13:00', '', '2016-12-20 23:13:00', '', null, '0');
INSERT INTO `sys_user` VALUES ('187', '王五185', 'wangwu185', '111111', '18801156796', '11112222', '', '', '', '2016-12-19', '2016-12-20 23:12:00', '183', '2016-12-20 23:13:00', '', '2016-12-20 23:13:00', '', null, '0');
INSERT INTO `sys_user` VALUES ('188', '王五186', 'wangwu186', '111111', '18801156796', '11112222', '', '', '', '2016-12-19', '2016-12-20 23:12:00', '184', '2016-12-20 23:13:00', '', '2016-12-20 23:13:00', '', null, '0');
INSERT INTO `sys_user` VALUES ('189', '王五187', 'wangwu187', '111111', '18801156796', '11112222', '', '', '', '2016-12-19', '2016-12-20 23:12:00', '185', '2016-12-20 23:13:00', '', '2016-12-20 23:13:00', '', null, '0');
INSERT INTO `sys_user` VALUES ('190', '王五188', 'wangwu188', '111111', '18801156796', '11112222', '', '', '', '2016-12-19', '2016-12-20 23:12:00', '186', '2016-12-20 23:13:00', '', '2016-12-20 23:13:00', '', null, '0');
INSERT INTO `sys_user` VALUES ('191', '王五189', 'wangwu189', '111111', '18801156796', '11112222', '', '', '', '2016-12-19', '2016-12-20 23:12:00', '187', '2016-12-20 23:13:00', '', '2016-12-20 23:13:00', '', null, '0');
INSERT INTO `sys_user` VALUES ('192', '王五190', 'wangwu190', '111111', '18801156796', '11112222', '', '', '', '2016-12-19', '2016-12-20 23:12:00', '188', '2016-12-20 23:13:00', '', '2016-12-20 23:13:00', '', null, '0');
INSERT INTO `sys_user` VALUES ('193', '王五191', 'wangwu191', '111111', '18801156796', '11112222', '', '', '', '2016-12-19', '2016-12-20 23:12:00', '189', '2016-12-20 23:13:00', '', '2016-12-20 23:13:00', '', null, '0');
INSERT INTO `sys_user` VALUES ('194', '王五192', 'wangwu192', '111111', '18801156796', '11112222', '', '', '', '2016-12-19', '2016-12-20 23:12:00', '190', '2016-12-20 23:13:00', '', '2016-12-20 23:13:00', '', null, '0');
INSERT INTO `sys_user` VALUES ('195', '王五193', 'wangwu193', '111111', '18801156796', '11112222', '', '', '', '2016-12-19', '2016-12-20 23:12:00', '191', '2016-12-20 23:13:00', '', '2016-12-20 23:13:00', '', null, '0');
INSERT INTO `sys_user` VALUES ('196', '王五194', 'wangwu194', '111111', '18801156796', '11112222', '', '', '', '2016-12-19', '2016-12-20 23:12:00', '192', '2016-12-20 23:13:00', '', '2016-12-20 23:13:00', '', null, '0');
INSERT INTO `sys_user` VALUES ('197', '王五195', 'wangwu195', '111111', '18801156796', '11112222', '', '', '', '2016-12-19', '2016-12-20 23:12:00', '193', '2016-12-20 23:13:00', '', '2016-12-20 23:13:00', '', null, '0');
INSERT INTO `sys_user` VALUES ('198', '王五196', 'wangwu196', '111111', '18801156796', '11112222', '', '', '', '2016-12-19', '2016-12-20 23:12:00', '194', '2016-12-20 23:13:00', '', '2016-12-20 23:13:00', '', null, '0');
INSERT INTO `sys_user` VALUES ('199', '王五197', 'wangwu197', '111111', '18801156796', '11112222', '', '', '', '2016-12-19', '2016-12-20 23:12:00', '195', '2016-12-20 23:13:00', '', '2016-12-20 23:13:00', '', null, '0');
INSERT INTO `sys_user` VALUES ('200', '王五198', 'wangwu198', '111111', '18801156796', '11112222', '', '', '', '2016-12-19', '2016-12-20 23:12:00', '196', '2016-12-20 23:13:00', '', '2016-12-20 23:13:00', '', null, '0');
INSERT INTO `sys_user` VALUES ('201', '王五199', 'wangwu199', '111111', '18801156796', '11112222', '', '', '', '2016-12-19', '2016-12-20 23:12:00', '197', '2016-12-20 23:13:00', '', '2016-12-20 23:13:00', '', null, '0');
INSERT INTO `sys_user` VALUES ('202', '王五200', 'wangwu200', '111111', '18801156796', '11112222', '', '', '', '2016-12-19', '2016-12-20 23:12:00', '198', '2016-12-20 23:13:00', '', '2016-12-20 23:13:00', '', null, '0');
INSERT INTO `sys_user` VALUES ('203', '王五201', 'wangwu201', '111111', '18801156796', '11112222', '', '', '', '2016-12-19', '2016-12-20 23:12:00', '199', '2016-12-20 23:13:00', '', '2016-12-20 23:13:00', '', null, '0');

-- ----------------------------
-- Table structure for userrole
-- ----------------------------
DROP TABLE IF EXISTS `userrole`;
CREATE TABLE `userrole` (
  `uid` varchar(50) NOT NULL COMMENT '用户ID',
  `roleid` int(11) NOT NULL DEFAULT '0' COMMENT '角色ID',
  `createtime` timestamp NOT NULL DEFAULT '0000-00-00 00:00:00' COMMENT '状态',
  PRIMARY KEY (`uid`,`roleid`)
) ENGINE=InnoDB DEFAULT CHARSET=utf8 COMMENT='用户角色表';

-- ----------------------------
-- Records of userrole
-- ----------------------------
INSERT INTO `userrole` VALUES ('admin', '3', '0000-00-00 00:00:00');
INSERT INTO `userrole` VALUES ('wangwu3', '4', '0000-00-00 00:00:00');
INSERT INTO `userrole` VALUES ('wangwu4', '4', '0000-00-00 00:00:00');
INSERT INTO `userrole` VALUES ('wangwu5', '4', '0000-00-00 00:00:00');
